<?xml version="1.0" encoding="utf-8" ?>
<manifest xmlns="http://www.imsglobal.org/xsd/imscp_v1p1"
          xmlns:xsi="http://www.w3.org/2001/XMLSchema-instance"
          xmlns:adlcp="http://www.adlnet.org/xsd/adlcp_rootv1p2"
          xmlns:cwsp="http://www.dspace.org/xmlns/cwspace_imscp"
          xmlns:ocw="https://ocw.mit.edu/xmlns/ocw_imscp"
          xmlns:lom="https://ocw.mit.edu/xmlns/LOM"
          identifier="urn_edu.mit.ocw_18-435j-quantum-computation-fall-2003"
          version="2018-6-18T5:49:31"
          cwsp:packageType="Course"
          xml:base="18-435j-fall-2003/"
          xsi:schemaLocation="http://www.imsglobal.org/xsd/imscp_v1p1 http://www.imsglobal.org/xsd/imscp_v1p1.xsd  http://www.adlnet.org/xsd/adlcp_rootv1p2 http://www.adlnet.org/xsd/adlcp_rootv1p2.xsd http://www.dspace.org/xmlns/cwspace_imscp http://www.dspace.org/xsd/cwspace_imscp/version10/cwspace_imscpv10.xsd https://ocw.mit.edu/xmlns/ocw_imscp https://ocw.mit.edu/xsd/ocw_imscp/version10/ocw_imscpv10.xsd https://ocw.mit.edu/xmlns/LOM https://ocw.mit.edu/xsd/LOM/lomv1.0/lomv1.0.xsd">
   	<metadata>
   		<schema>IMS Content</schema>
        <schemaversion>1.1</schemaversion>
        <cwsp:packageMetadata>
            <cwsp:sourceSystem>OCW</cwsp:sourceSystem>
            <cwsp:profile>CWSpace</cwsp:profile>
            <cwsp:profileVersion>0.1</cwsp:profileVersion>
        </cwsp:packageMetadata>
        <lom:general uniqueElementName="general">
            <lom:title uniqueElementName="title">
				<lom:string language="en">Quantum Computation</lom:string>
			</lom:title>
			<lom:identifier>
				<lom:catalog uniqueElementName="catalog">OCW Master Course Number</lom:catalog>
		      	<lom:entry uniqueElementName="entry">18.435J</lom:entry>
			</lom:identifier>
			<lom:identifier>
				<lom:catalog uniqueElementName="catalog">OCW Linked Course Number</lom:catalog>
		      	<lom:entry uniqueElementName="entry">2.111J</lom:entry>
			</lom:identifier>
			<lom:identifier>
				<lom:catalog uniqueElementName="catalog">OCW Linked Course Number</lom:catalog>
		      	<lom:entry uniqueElementName="entry">ESD.79J</lom:entry>
			</lom:identifier>
        </lom:general>
        <lom:lifecycle uniqueElementName="lifeCycle">
            <lom:version uniqueElementName="version">
				<lom:string language="en">Fall 2003</lom:string>
			</lom:version>
            <lom:contribute>
	            <lom:role>
	                <lom:source uniqueElementName="source">OCW_LOMv1.0</lom:source>
	                <lom:value uniqueElementName="value">Author</lom:value>
	            </lom:role>
	            <lom:entity>Shor, Peter</lom:entity>
	            <lom:date uniqueElementName="date">
	                <lom:dateTime uniqueElementName="dateTime">2018-6-18</lom:dateTime>
	            </lom:date>
        	</lom:contribute>
        </lom:lifecycle>
        <lom:taxonPath>
            <lom:source uniqueElementName="source">
                <lom:string language="en">OCW Course Topics</lom:string>
            </lom:source>
            <lom:taxon>
                <lom:entry uniqueElementName="entry">
                    <lom:string language="en">Mathematics</lom:string>
                </lom:entry>
            </lom:taxon>
            <lom:taxon>
                <lom:entry uniqueElementName="entry">
                    <lom:string language="en">Computation</lom:string>
                </lom:entry>
            </lom:taxon>
            
        </lom:taxonPath>
        <lom:taxonPath>
            <lom:source uniqueElementName="source">
                <lom:string language="en">OCW Course Topics</lom:string>
            </lom:source>
            <lom:taxon>
                <lom:entry uniqueElementName="entry">
                    <lom:string language="en">Engineering</lom:string>
                </lom:entry>
            </lom:taxon>
            <lom:taxon>
                <lom:entry uniqueElementName="entry">
                    <lom:string language="en">Computer Science</lom:string>
                </lom:entry>
            </lom:taxon>
            <lom:taxon>
                <lom:entry uniqueElementName="entry">
                    <lom:string language="en">Theory of Computation</lom:string>
                </lom:entry>
            </lom:taxon>
        </lom:taxonPath>
        <lom:taxonPath>
            <lom:source uniqueElementName="source">
                <lom:string language="en">OCW Course Topics</lom:string>
            </lom:source>
            <lom:taxon>
                <lom:entry uniqueElementName="entry">
                    <lom:string language="en">Science</lom:string>
                </lom:entry>
            </lom:taxon>
            <lom:taxon>
                <lom:entry uniqueElementName="entry">
                    <lom:string language="en">Physics</lom:string>
                </lom:entry>
            </lom:taxon>
            <lom:taxon>
                <lom:entry uniqueElementName="entry">
                    <lom:string language="en">Quantum Mechanics</lom:string>
                </lom:entry>
            </lom:taxon>
        </lom:taxonPath>
        <lom:taxonPath>
            <lom:source uniqueElementName="source">
                <lom:string language="en">OCW Course Topics</lom:string>
            </lom:source>
            <lom:taxon>
                <lom:entry uniqueElementName="entry">
                    <lom:string language="en">Engineering</lom:string>
                </lom:entry>
            </lom:taxon>
            <lom:taxon>
                <lom:entry uniqueElementName="entry">
                    <lom:string language="en">Computer Science</lom:string>
                </lom:entry>
            </lom:taxon>
            <lom:taxon>
                <lom:entry uniqueElementName="entry">
                    <lom:string language="en">Algorithms and Data Structures</lom:string>
                </lom:entry>
            </lom:taxon>
        </lom:taxonPath>
        <lom:taxonPath>
            <lom:source uniqueElementName="source">
                <lom:string language="en">OCW Course Topics</lom:string>
            </lom:source>
            <lom:taxon>
                <lom:entry uniqueElementName="entry">
                    <lom:string language="en">Engineering</lom:string>
                </lom:entry>
            </lom:taxon>
            <lom:taxon>
                <lom:entry uniqueElementName="entry">
                    <lom:string language="en">Computer Science</lom:string>
                </lom:entry>
            </lom:taxon>
            <lom:taxon>
                <lom:entry uniqueElementName="entry">
                    <lom:string language="en">Cryptography</lom:string>
                </lom:entry>
            </lom:taxon>
        </lom:taxonPath>
        <lom:taxonPath>
            <lom:source uniqueElementName="source">
                <lom:string language="en">OCW Course Topics</lom:string>
            </lom:source>
            <lom:taxon>
                <lom:entry uniqueElementName="entry">
                    <lom:string language="en">Mathematics</lom:string>
                </lom:entry>
            </lom:taxon>
            <lom:taxon>
                <lom:entry uniqueElementName="entry">
                    <lom:string language="en">Discrete Mathematics</lom:string>
                </lom:entry>
            </lom:taxon>
            
        </lom:taxonPath>        
        <adlcp:location>contents/index.htm.xml</adlcp:location>
    </metadata>
    <organizations default="ocw_18-435j-quantum-computation-fall-2003">
        <organization identifier="ocw_18-435j-quantum-computation-fall-2003">
            <title>Quantum Computation</title>
            <item identifier="i_18-435j-quantum-computation-fall-2003.CourseHome"
                  identifierref="r_contents.index.htm"
                  ocw:sectionTemplateType="CourseHomePage"
                  ocw:sectionTemplateVersion="2018-6-18">
				<title>Quantum Computation</title>
				<item identifier="i_18-435j-quantum-computation-fall-2003.18-435jf03.jpg"
          identifierref="r_contents.18-435jf03.jpg">
				<title>18-435jf03.jpg</title>
				</item>
				<item identifier="i_18-435j-quantum-computation-fall-2003.18-435jf03-th.jpg"
          identifierref="r_contents.18-435jf03-th.jpg">
				<title>18-435jf03-th.jpg</title>
				</item>
			</item>
            <item identifier="i_18-435j-quantum-computation-fall-2003.syllabus"
                  identifierref="r_contents.syllabus.index.htm"
                  ocw:sectionTemplateType="CourseSection"
                  ocw:sectionTemplateVersion="2018-6-18">
				<title>Syllabus</title>
			</item>
            <item identifier="i_18-435j-quantum-computation-fall-2003.calendar"
                  identifierref="r_contents.calendar.index.htm"
                  ocw:sectionTemplateType="CourseSection"
                  ocw:sectionTemplateVersion="2018-6-18">
				<title>Calendar</title>
			</item>
            <item identifier="i_18-435j-quantum-computation-fall-2003.lecture-notes"
                  identifierref="r_contents.lecture-notes.index.htm"
                  ocw:sectionTemplateType="CourseSection"
                  ocw:sectionTemplateVersion="2018-6-18">
				<title>Lecture Notes</title>
				<item identifier="i_18-435j-quantum-computation-fall-2003.lecture-notes.qc_lec02.pdf"
          identifierref="r_contents.lecture-notes.qc_lec02.pdf">
				<title>qc_lec02.pdf</title>
				</item>
				<item identifier="i_18-435j-quantum-computation-fall-2003.lecture-notes.qc_lec16.pdf"
          identifierref="r_contents.lecture-notes.qc_lec16.pdf">
				<title>qc_lec16.pdf</title>
				</item>
				<item identifier="i_18-435j-quantum-computation-fall-2003.lecture-notes.qc_lec04.pdf"
          identifierref="r_contents.lecture-notes.qc_lec04.pdf">
				<title>qc_lec04.pdf</title>
				</item>
				<item identifier="i_18-435j-quantum-computation-fall-2003.lecture-notes.qc_lec14.pdf"
          identifierref="r_contents.lecture-notes.qc_lec14.pdf">
				<title>qc_lec14.pdf</title>
				</item>
				<item identifier="i_18-435j-quantum-computation-fall-2003.lecture-notes.qc_lec23.pdf"
          identifierref="r_contents.lecture-notes.qc_lec23.pdf">
				<title>qc_lec23.pdf</title>
				</item>
				<item identifier="i_18-435j-quantum-computation-fall-2003.lecture-notes.qc_lec11.pdf"
          identifierref="r_contents.lecture-notes.qc_lec11.pdf">
				<title>qc_lec11.pdf</title>
				</item>
				<item identifier="i_18-435j-quantum-computation-fall-2003.lecture-notes.qc_lec05.pdf"
          identifierref="r_contents.lecture-notes.qc_lec05.pdf">
				<title>qc_lec05.pdf</title>
				</item>
				<item identifier="i_18-435j-quantum-computation-fall-2003.lecture-notes.qc_lec19.pdf"
          identifierref="r_contents.lecture-notes.qc_lec19.pdf">
				<title>qc_lec19.pdf</title>
				</item>
				<item identifier="i_18-435j-quantum-computation-fall-2003.lecture-notes.qc_lec13.pdf"
          identifierref="r_contents.lecture-notes.qc_lec13.pdf">
				<title>qc_lec13.pdf</title>
				</item>
			</item>
            <item identifier="i_18-435j-quantum-computation-fall-2003.assignments"
                  identifierref="r_contents.assignments.index.htm"
                  ocw:sectionTemplateType="CourseSection"
                  ocw:sectionTemplateVersion="2018-6-18">
				<title>Assignments</title>
				<item identifier="i_18-435j-quantum-computation-fall-2003.assignments.ps6sol.pdf"
          identifierref="r_contents.assignments.ps6sol.pdf">
				<title>ps6sol.pdf</title>
				</item>
				<item identifier="i_18-435j-quantum-computation-fall-2003.assignments.ps10.pdf"
          identifierref="r_contents.assignments.ps10.pdf">
				<title>ps10.pdf</title>
				</item>
				<item identifier="i_18-435j-quantum-computation-fall-2003.assignments.ps5sol.pdf"
          identifierref="r_contents.assignments.ps5sol.pdf">
				<title>ps5sol.pdf</title>
				</item>
				<item identifier="i_18-435j-quantum-computation-fall-2003.assignments.ps10sol.pdf"
          identifierref="r_contents.assignments.ps10sol.pdf">
				<title>ps10sol.pdf</title>
				</item>
				<item identifier="i_18-435j-quantum-computation-fall-2003.assignments.ps2.pdf"
          identifierref="r_contents.assignments.ps2.pdf">
				<title>ps2.pdf</title>
				</item>
				<item identifier="i_18-435j-quantum-computation-fall-2003.assignments.ps5.pdf"
          identifierref="r_contents.assignments.ps5.pdf">
				<title>ps5.pdf</title>
				</item>
				<item identifier="i_18-435j-quantum-computation-fall-2003.assignments.ps1.pdf"
          identifierref="r_contents.assignments.ps1.pdf">
				<title>ps1.pdf</title>
				</item>
				<item identifier="i_18-435j-quantum-computation-fall-2003.assignments.solutions1.pdf"
          identifierref="r_contents.assignments.solutions1.pdf">
				<title>solutions1.pdf</title>
				</item>
				<item identifier="i_18-435j-quantum-computation-fall-2003.assignments.solutions3.pdf"
          identifierref="r_contents.assignments.solutions3.pdf">
				<title>solutions3.pdf</title>
				</item>
				<item identifier="i_18-435j-quantum-computation-fall-2003.assignments.homework5.pdf"
          identifierref="r_contents.assignments.homework5.pdf">
				<title>homework5.pdf</title>
				</item>
				<item identifier="i_18-435j-quantum-computation-fall-2003.assignments.homework2.pdf"
          identifierref="r_contents.assignments.homework2.pdf">
				<title>homework2.pdf</title>
				</item>
				<item identifier="i_18-435j-quantum-computation-fall-2003.assignments.ps2sol.pdf"
          identifierref="r_contents.assignments.ps2sol.pdf">
				<title>ps2sol.pdf</title>
				</item>
				<item identifier="i_18-435j-quantum-computation-fall-2003.assignments.homework1.pdf"
          identifierref="r_contents.assignments.homework1.pdf">
				<title>homework1.pdf</title>
				</item>
				<item identifier="i_18-435j-quantum-computation-fall-2003.assignments.ps1sol.pdf"
          identifierref="r_contents.assignments.ps1sol.pdf">
				<title>ps1sol.pdf</title>
				</item>
				<item identifier="i_18-435j-quantum-computation-fall-2003.assignments.solutions2.pdf"
          identifierref="r_contents.assignments.solutions2.pdf">
				<title>solutions2.pdf</title>
				</item>
				<item identifier="i_18-435j-quantum-computation-fall-2003.assignments.ps6.pdf"
          identifierref="r_contents.assignments.ps6.pdf">
				<title>ps6.pdf</title>
				</item>
				<item identifier="i_18-435j-quantum-computation-fall-2003.assignments.homework3.pdf"
          identifierref="r_contents.assignments.homework3.pdf">
				<title>homework3.pdf</title>
				</item>
				<item identifier="i_18-435j-quantum-computation-fall-2003.assignments.solutions4.pdf"
          identifierref="r_contents.assignments.solutions4.pdf">
				<title>solutions4.pdf</title>
				</item>
				<item identifier="i_18-435j-quantum-computation-fall-2003.assignments.solutions5.pdf"
          identifierref="r_contents.assignments.solutions5.pdf">
				<title>solutions5.pdf</title>
				</item>
				<item identifier="i_18-435j-quantum-computation-fall-2003.assignments.homework4.pdf"
          identifierref="r_contents.assignments.homework4.pdf">
				<title>homework4.pdf</title>
				</item>
			</item>
            <item identifier="i_18-435j-quantum-computation-fall-2003.exams"
                  identifierref="r_contents.exams.index.htm"
                  ocw:sectionTemplateType="CourseSection"
                  ocw:sectionTemplateVersion="2018-6-18">
				<title>Exams</title>
				<item identifier="i_18-435j-quantum-computation-fall-2003.exams.quiz1.pdf"
          identifierref="r_contents.exams.quiz1.pdf">
				<title>quiz1.pdf</title>
				</item>
				<item identifier="i_18-435j-quantum-computation-fall-2003.exams.test2.pdf"
          identifierref="r_contents.exams.test2.pdf">
				<title>test2.pdf</title>
				</item>
				<item identifier="i_18-435j-quantum-computation-fall-2003.exams.quiz1_sol.pdf"
          identifierref="r_contents.exams.quiz1_sol.pdf">
				<title>quiz1_sol.pdf</title>
				</item>
			</item>
            <item identifier="i_18-435j-quantum-computation-fall-2003.readings"
                  identifierref="r_contents.readings.index.htm"
                  ocw:sectionTemplateType="CourseSection"
                  ocw:sectionTemplateVersion="2018-6-18">
				<title>Readings</title>
			</item>
            <item identifier="i_terms"
                  identifierref="r_common.terms.index.htm"
                  ocw:sectionTemplateType="GlobalSection"
                  ocw:sectionTemplateVersion="2018-6-18">
				<title>Legal Notices</title>
			</item>
            <item identifier="i_terms"
                  identifierref="r_common.terms.index.htm"
                  ocw:sectionTemplateType="GlobalSection"
                  ocw:sectionTemplateVersion="2018-6-18">
				<title>Privacy Statement</title>
			</item>
            <item identifier="i_terms.trademarks"
                  identifierref="r_common.terms.trademarks.index.htm"
                  ocw:sectionTemplateType="GlobalSection"
                  ocw:sectionTemplateVersion="2018-6-18">
				<title>Trademark Notices</title>
			</item>
        </organization>
    </organizations>
    <resources>
        <resource identifier="r_contents.lecture-notes.qc_lec23.pdf"
                  type="other"
                  href="contents/lecture-notes/qc_lec23.pdf">
            <metadata>
                <adlcp:location>contents/lecture-notes/qc_lec23.pdf.xml</adlcp:location>
            </metadata>
            <file href="contents/lecture-notes/qc_lec23.pdf"/>
                        
        </resource>
        <resource identifier="r_contents.assignments.ps10sol.pdf"
                  type="other"
                  href="contents/assignments/ps10sol.pdf">
            <metadata>
                <adlcp:location>contents/assignments/ps10sol.pdf.xml</adlcp:location>
            </metadata>
            <file href="contents/assignments/ps10sol.pdf"/>
                        
        </resource>
        <resource identifier="r_contents.assignments.homework5.pdf"
                  type="other"
                  href="contents/assignments/homework5.pdf">
            <metadata>
                <adlcp:location>contents/assignments/homework5.pdf.xml</adlcp:location>
            </metadata>
            <file href="contents/assignments/homework5.pdf"/>
                        
        </resource>
        <resource identifier="r_contents.exams.test2.pdf"
                  type="other"
                  href="contents/exams/test2.pdf">
            <metadata>
                <adlcp:location>contents/exams/test2.pdf.xml</adlcp:location>
            </metadata>
            <file href="contents/exams/test2.pdf"/>
                        
        </resource>
        <resource identifier="r_contents.lecture-notes.qc_lec14.pdf"
                  type="other"
                  href="contents/lecture-notes/qc_lec14.pdf">
            <metadata>
                <adlcp:location>contents/lecture-notes/qc_lec14.pdf.xml</adlcp:location>
            </metadata>
            <file href="contents/lecture-notes/qc_lec14.pdf"/>
                        
        </resource>
        <resource identifier="r_contents.assignments.ps6.pdf"
                  type="other"
                  href="contents/assignments/ps6.pdf">
            <metadata>
                <adlcp:location>contents/assignments/ps6.pdf.xml</adlcp:location>
            </metadata>
            <file href="contents/assignments/ps6.pdf"/>
                        
        </resource>
        <resource identifier="r_contents.lecture-notes.qc_lec04.pdf"
                  type="other"
                  href="contents/lecture-notes/qc_lec04.pdf">
            <metadata>
                <adlcp:location>contents/lecture-notes/qc_lec04.pdf.xml</adlcp:location>
            </metadata>
            <file href="contents/lecture-notes/qc_lec04.pdf"/>
                        
        </resource>
        <resource identifier="r_contents.18-435jf03.jpg"
                  type="other"
                  href="contents/18-435jf03.jpg">
            <metadata>
                <adlcp:location>contents/18-435jf03.jpg.xml</adlcp:location>
            </metadata>
            <file href="contents/18-435jf03.jpg"/>
                        
        </resource>
        <resource identifier="r_contents.lecture-notes.qc_lec16.pdf"
                  type="other"
                  href="contents/lecture-notes/qc_lec16.pdf">
            <metadata>
                <adlcp:location>contents/lecture-notes/qc_lec16.pdf.xml</adlcp:location>
            </metadata>
            <file href="contents/lecture-notes/qc_lec16.pdf"/>
                        
        </resource>
        <resource identifier="r_contents.exams.quiz1_sol.pdf"
                  type="other"
                  href="contents/exams/quiz1_sol.pdf">
            <metadata>
                <adlcp:location>contents/exams/quiz1_sol.pdf.xml</adlcp:location>
            </metadata>
            <file href="contents/exams/quiz1_sol.pdf"/>
                        
        </resource>
        <resource identifier="r_contents.lecture-notes.qc_lec02.pdf"
                  type="other"
                  href="contents/lecture-notes/qc_lec02.pdf">
            <metadata>
                <adlcp:location>contents/lecture-notes/qc_lec02.pdf.xml</adlcp:location>
            </metadata>
            <file href="contents/lecture-notes/qc_lec02.pdf"/>
                        
        </resource>
        <resource identifier="r_contents.assignments.ps5.pdf"
                  type="other"
                  href="contents/assignments/ps5.pdf">
            <metadata>
                <adlcp:location>contents/assignments/ps5.pdf.xml</adlcp:location>
            </metadata>
            <file href="contents/assignments/ps5.pdf"/>
                        
        </resource>
        <resource identifier="r_contents.assignments.solutions4.pdf"
                  type="other"
                  href="contents/assignments/solutions4.pdf">
            <metadata>
                <adlcp:location>contents/assignments/solutions4.pdf.xml</adlcp:location>
            </metadata>
            <file href="contents/assignments/solutions4.pdf"/>
                        
        </resource>
        <resource identifier="r_contents.calendar.index.htm"
                  type="webcontent"
                  href="contents/calendar/index.htm">
            <metadata>
                <adlcp:location>contents/calendar/index.htm.xml</adlcp:location>
            </metadata>
            <file href="contents/calendar/index.htm"/>
            <dependency identifierref="webrenderrequirements.18-435j-quantum-computation-fall-2003"/>            
        </resource>
        <resource identifier="r_contents.assignments.ps2sol.pdf"
                  type="other"
                  href="contents/assignments/ps2sol.pdf">
            <metadata>
                <adlcp:location>contents/assignments/ps2sol.pdf.xml</adlcp:location>
            </metadata>
            <file href="contents/assignments/ps2sol.pdf"/>
                        
        </resource>
        <resource identifier="r_contents.syllabus.index.htm"
                  type="webcontent"
                  href="contents/syllabus/index.htm">
            <metadata>
                <adlcp:location>contents/syllabus/index.htm.xml</adlcp:location>
            </metadata>
            <file href="contents/syllabus/index.htm"/>
            <dependency identifierref="webrenderrequirements.18-435j-quantum-computation-fall-2003"/>            
        </resource>
        <resource identifier="r_contents.assignments.homework2.pdf"
                  type="other"
                  href="contents/assignments/homework2.pdf">
            <metadata>
                <adlcp:location>contents/assignments/homework2.pdf.xml</adlcp:location>
            </metadata>
            <file href="contents/assignments/homework2.pdf"/>
                        
        </resource>
        <resource identifier="r_contents.assignments.solutions5.pdf"
                  type="other"
                  href="contents/assignments/solutions5.pdf">
            <metadata>
                <adlcp:location>contents/assignments/solutions5.pdf.xml</adlcp:location>
            </metadata>
            <file href="contents/assignments/solutions5.pdf"/>
                        
        </resource>
        <resource identifier="r_contents.assignments.ps2.pdf"
                  type="other"
                  href="contents/assignments/ps2.pdf">
            <metadata>
                <adlcp:location>contents/assignments/ps2.pdf.xml</adlcp:location>
            </metadata>
            <file href="contents/assignments/ps2.pdf"/>
                        
        </resource>
        <resource identifier="r_contents.lecture-notes.index.htm"
                  type="webcontent"
                  href="contents/lecture-notes/index.htm">
            <metadata>
                <adlcp:location>contents/lecture-notes/index.htm.xml</adlcp:location>
            </metadata>
            <file href="contents/lecture-notes/index.htm"/>
            <dependency identifierref="webrenderrequirements.18-435j-quantum-computation-fall-2003"/>            
        </resource>
        <resource identifier="r_contents.lecture-notes.qc_lec13.pdf"
                  type="other"
                  href="contents/lecture-notes/qc_lec13.pdf">
            <metadata>
                <adlcp:location>contents/lecture-notes/qc_lec13.pdf.xml</adlcp:location>
            </metadata>
            <file href="contents/lecture-notes/qc_lec13.pdf"/>
                        
        </resource>
        <resource identifier="r_contents.assignments.ps5sol.pdf"
                  type="other"
                  href="contents/assignments/ps5sol.pdf">
            <metadata>
                <adlcp:location>contents/assignments/ps5sol.pdf.xml</adlcp:location>
            </metadata>
            <file href="contents/assignments/ps5sol.pdf"/>
                        
        </resource>
        <resource identifier="r_contents.assignments.homework4.pdf"
                  type="other"
                  href="contents/assignments/homework4.pdf">
            <metadata>
                <adlcp:location>contents/assignments/homework4.pdf.xml</adlcp:location>
            </metadata>
            <file href="contents/assignments/homework4.pdf"/>
                        
        </resource>
        <resource identifier="r_contents.assignments.ps10.pdf"
                  type="other"
                  href="contents/assignments/ps10.pdf">
            <metadata>
                <adlcp:location>contents/assignments/ps10.pdf.xml</adlcp:location>
            </metadata>
            <file href="contents/assignments/ps10.pdf"/>
                        
        </resource>
        <resource identifier="r_contents.assignments.homework1.pdf"
                  type="other"
                  href="contents/assignments/homework1.pdf">
            <metadata>
                <adlcp:location>contents/assignments/homework1.pdf.xml</adlcp:location>
            </metadata>
            <file href="contents/assignments/homework1.pdf"/>
                        
        </resource>
        <resource identifier="r_contents.assignments.ps1sol.pdf"
                  type="other"
                  href="contents/assignments/ps1sol.pdf">
            <metadata>
                <adlcp:location>contents/assignments/ps1sol.pdf.xml</adlcp:location>
            </metadata>
            <file href="contents/assignments/ps1sol.pdf"/>
                        
        </resource>
        <resource identifier="r_contents.assignments.index.htm"
                  type="webcontent"
                  href="contents/assignments/index.htm">
            <metadata>
                <adlcp:location>contents/assignments/index.htm.xml</adlcp:location>
            </metadata>
            <file href="contents/assignments/index.htm"/>
            <dependency identifierref="webrenderrequirements.18-435j-quantum-computation-fall-2003"/>            
        </resource>
        <resource identifier="r_contents.assignments.solutions1.pdf"
                  type="other"
                  href="contents/assignments/solutions1.pdf">
            <metadata>
                <adlcp:location>contents/assignments/solutions1.pdf.xml</adlcp:location>
            </metadata>
            <file href="contents/assignments/solutions1.pdf"/>
                        
        </resource>
        <resource identifier="r_contents.assignments.ps6sol.pdf"
                  type="other"
                  href="contents/assignments/ps6sol.pdf">
            <metadata>
                <adlcp:location>contents/assignments/ps6sol.pdf.xml</adlcp:location>
            </metadata>
            <file href="contents/assignments/ps6sol.pdf"/>
                        
        </resource>
        <resource identifier="r_contents.index.htm"
                  type="webcontent"
                  href="contents/index.htm">
            <metadata>
                <adlcp:location>contents/index.htm.xml</adlcp:location>
            </metadata>
            <file href="contents/index.htm"/>
            <dependency identifierref="webrenderrequirements.18-435j-quantum-computation-fall-2003"/>            
        </resource>
        <resource identifier="r_contents.lecture-notes.qc_lec19.pdf"
                  type="other"
                  href="contents/lecture-notes/qc_lec19.pdf">
            <metadata>
                <adlcp:location>contents/lecture-notes/qc_lec19.pdf.xml</adlcp:location>
            </metadata>
            <file href="contents/lecture-notes/qc_lec19.pdf"/>
                        
        </resource>
        <resource identifier="r_contents.assignments.solutions2.pdf"
                  type="other"
                  href="contents/assignments/solutions2.pdf">
            <metadata>
                <adlcp:location>contents/assignments/solutions2.pdf.xml</adlcp:location>
            </metadata>
            <file href="contents/assignments/solutions2.pdf"/>
                        
        </resource>
        <resource identifier="r_contents.assignments.homework3.pdf"
                  type="other"
                  href="contents/assignments/homework3.pdf">
            <metadata>
                <adlcp:location>contents/assignments/homework3.pdf.xml</adlcp:location>
            </metadata>
            <file href="contents/assignments/homework3.pdf"/>
                        
        </resource>
        <resource identifier="r_contents.readings.index.htm"
                  type="webcontent"
                  href="contents/readings/index.htm">
            <metadata>
                <adlcp:location>contents/readings/index.htm.xml</adlcp:location>
            </metadata>
            <file href="contents/readings/index.htm"/>
            <dependency identifierref="webrenderrequirements.18-435j-quantum-computation-fall-2003"/>            
        </resource>
        <resource identifier="r_contents.lecture-notes.qc_lec05.pdf"
                  type="other"
                  href="contents/lecture-notes/qc_lec05.pdf">
            <metadata>
                <adlcp:location>contents/lecture-notes/qc_lec05.pdf.xml</adlcp:location>
            </metadata>
            <file href="contents/lecture-notes/qc_lec05.pdf"/>
                        
        </resource>
        <resource identifier="r_contents.assignments.ps1.pdf"
                  type="other"
                  href="contents/assignments/ps1.pdf">
            <metadata>
                <adlcp:location>contents/assignments/ps1.pdf.xml</adlcp:location>
            </metadata>
            <file href="contents/assignments/ps1.pdf"/>
                        
        </resource>
        <resource identifier="r_contents.assignments.solutions3.pdf"
                  type="other"
                  href="contents/assignments/solutions3.pdf">
            <metadata>
                <adlcp:location>contents/assignments/solutions3.pdf.xml</adlcp:location>
            </metadata>
            <file href="contents/assignments/solutions3.pdf"/>
                        
        </resource>
        <resource identifier="r_contents.exams.quiz1.pdf"
                  type="other"
                  href="contents/exams/quiz1.pdf">
            <metadata>
                <adlcp:location>contents/exams/quiz1.pdf.xml</adlcp:location>
            </metadata>
            <file href="contents/exams/quiz1.pdf"/>
                        
        </resource>
        <resource identifier="r_contents.exams.index.htm"
                  type="webcontent"
                  href="contents/exams/index.htm">
            <metadata>
                <adlcp:location>contents/exams/index.htm.xml</adlcp:location>
            </metadata>
            <file href="contents/exams/index.htm"/>
            <dependency identifierref="webrenderrequirements.18-435j-quantum-computation-fall-2003"/>            
        </resource>
        <resource identifier="r_contents.lecture-notes.qc_lec11.pdf"
                  type="other"
                  href="contents/lecture-notes/qc_lec11.pdf">
            <metadata>
                <adlcp:location>contents/lecture-notes/qc_lec11.pdf.xml</adlcp:location>
            </metadata>
            <file href="contents/lecture-notes/qc_lec11.pdf"/>
                        
        </resource>
        <resource identifier="r_contents.18-435jf03-th.jpg"
                  type="other"
                  href="contents/18-435jf03-th.jpg">
            <metadata>
                <adlcp:location>contents/18-435jf03-th.jpg.xml</adlcp:location>
            </metadata>
            <file href="contents/18-435jf03-th.jpg"/>
                        
        </resource>        
        <resource identifier="r_common.search.AdvancedSearch.htm"
                  type="webcontent"
                  href="common/search/AdvancedSearch.htm">
            <file href="common/search/AdvancedSearch.htm"/>
            <dependency identifierref="webrenderrequirements.18-435j-quantum-computation-fall-2003"/>            
        </resource>
        <resource identifier="r_common.jsp.feedback.htm"
                  type="webcontent"
                  href="common/jsp/feedback.htm">
            <file href="common/jsp/feedback.htm"/>
            <dependency identifierref="webrenderrequirements.18-435j-quantum-computation-fall-2003"/>            
        </resource>
        <resource identifier="r_common.terms.index.htm"
                  type="webcontent"
                  href="common/terms/index.htm">
            <file href="common/terms/by.png"/>
            <file href="common/terms/nc.png"/>
            <file href="common/terms/sa.png"/>
            <file href="common/terms/deedheadyellow.png"/>
            <file href="common/terms/freedomsheader.png"/>
            <file href="common/terms/limitationsheader.png"/>
            <file href="common/terms/understandingheader.jpg"/>
            <file href="common/terms/deedfootyellow.png"/>
            <dependency identifierref="webrenderrequirements.18-435j-quantum-computation-fall-2003"/>            
        </resource>
        <resource identifier="r_common.terms.trademarks.index.htm"
                  type="webcontent"
                  href="common/terms/trademarks/index.htm">
            <file href="common/terms/trademarks/index.htm"/>
            <dependency identifierref="webrenderrequirements.18-435j-quantum-computation-fall-2003"/>            
        </resource>
        <resource identifier="webrenderrequirements.18-435j-quantum-computation-fall-2003"
                  type="webcontent">
        	<file href="common/styles/base.css"/>
        	<file href="common/styles/courses.css"/>
        	<file href="common/styles/courses_new.css"/>
        	<file href="common/styles/educator.css"/>
        	<file href="common/styles/global.css"/>
        	<file href="common/styles/grid.css"/>
        	<file href="common/styles/highslide.css"/>
        	<file href="common/styles/highslide-ie6.css"/>
        	<file href="common/styles/jquery.bubblepopup.css"/>
        	<file href="common/styles/jquery.jscrollpane.css"/>
        	<file href="common/styles/jquery-ui.css"/>
        	<file href="common/styles/menu.css"/>
        	<file href="common/styles/scholar2.css"/>
        	<file href="common/styles/media_tabs.css"/>
        	<file href="common/styles/three_play.css"/>
        	<file href="common/scripts/bubble-popup-offline.js"/>
        	<file href="common/scripts/jquery.js"/>
        	<file href="common/scripts/ocw-media-utils.js"/>
        	<file href="common/scripts/ocw-media-utils-offline.js"/>
        	<file href="common/scripts/highslide-with-gallery.js"/>
        	<file href="common/scripts/jquery.bubblepopup.min.js"/>
        	<file href="common/scripts/jquery.jscrollpane.min.js"/>
        	<file href="common/scripts/jquery-ui.min.js"/>
        	<file href="common/scripts/jQuizMe-uncompressed.js"/>
        	<file href="common/scripts/ocw-offline.js"/>
        	<file href="common/scripts/expandy.js"/>
        	<file href="common/scripts/chart.js"/>
        	<file href="common/scripts/jquery.anythingslider.js"/>
        	<file href="common/images/ocw_mast.png"/>
        	<file href="common/images/button_subscribe.png"/>
        	<file href="common/images/icon_fb.png"/>
        	<file href="common/images/icon_gp.png"/>
        	<file href="common/images/icon_pin.png"/>
        	<file href="common/images/icon_tw.png"/>
        	<file href="common/images/icon-question-ovt.png"/>
        	<file href="common/images/icon-question-svt.png"/>
        	<file href="common/images/icon-question-avt.png"/>
        	<file href="common/images/icon-question-cl.png"/>
        	<file href="common/images/top-nav_home.png"/>
        	<file href="common/images/button_search.png"/>
        	<file href="common/images/bg_top.png"/>
        	<file href="common/images/bg_social.png"/>
        	<file href="common/images/bg_social2.png"/>
        	<file href="common/images/bg_mega-courses.png"/>
        	<file href="common/images/bg_center2.png"/>
        	<file href="common/images/bg_course-nav_current.png"/>
        	<file href="common/images/button_donate-now.png"/>
        	<file href="common/images/logo_mit.png"/>
        	<file href="common/images/logo_ocwc.gif"/>
        	<file href="common/images/cc_by-nc-sa.png"/>
        	<file href="common/images/logo_dow.png"/>
        	<file href="common/images/logo_lockheed.png"/>
        	<file href="common/images/logo_mathworks.png"/>
        	<file href="common/images/logo_abinitio.png"/>
        	<file href="common/images/logo_sapient.png"/>
        	<file href="common/images/bg_bottom.png"/>
        	<file href="common/images/nav_arrow.png"/>
        	<file href="common/images/news-subscibe_bg.png"/>
        	<file href="common/images/3play_logo.png"/>
        	<file href="common/images/black-arrow.gif"/>
        	<file href="common/images/trans.gif"/>
        	<file href="common/images/arrow-bullet.gif"/>
        	<file href="common/images/apple-touch-icon.png"/>
        	<file href="common/images/highslide/graphics/zoomin.cur"/>
        	<file href="common/images/highslide/graphics/zoomout.cur"/>
        	<file href="common/images/highslide/graphics/controlbar2.gif"/>
        	<file href="common/images/highslide/graphics/controlbar3.gif"/>
        	<file href="common/images/highslide/graphics/controlbar4.gif"/>
        	<file href="common/images/highslide/graphics/controlbar4-hover.gif"/>
        	<file href="common/images/highslide/graphics/controlbar-black-border.gif"/>
        	<file href="common/images/highslide/graphics/controlbar-white.gif"/>
        	<file href="common/images/highslide/graphics/controlbar-white-small.gif"/>
        	<file href="common/images/highslide/graphics/fullexpand.gif"/>
        	<file href="common/images/highslide/graphics/icon.gif"/>
        	<file href="common/images/highslide/graphics/loader.gif"/>
        	<file href="common/images/highslide/graphics/loader.white.gif"/>
        	<file href="common/images/highslide/graphics/resize.gif"/>
        	<file href="common/images/highslide/graphics/close.png"/>
        	<file href="common/images/highslide/graphics/closeX.png"/>
        	<file href="common/images/highslide/graphics/controlbar-text-buttons.png"/>
        	<file href="common/images/highslide/graphics/geckodimmer.png"/>
        	<file href="common/images/highslide/graphics/scrollarrows.png"/>
        	<file href="common/images/highslide/graphics/outlines/beveled.png"/>
        	<file href="common/images/highslide/graphics/outlines/drop-shadow.png"/>
        	<file href="common/images/highslide/graphics/outlines/glossy-dark.png"/>
        	<file href="common/images/highslide/graphics/outlines/outer-glow.png"/>
        	<file href="common/images/highslide/graphics/outlines/rounded-black.png"/>
        	<file href="common/images/highslide/graphics/outlines/rounded-white.png"/>
        	<file href="common/images/highslide/graphics/outlines/Outlines.psd"/>
        	<file href="common/images/button_continue.jpg"/>
        	<file href="common/images/button_donate.jpg"/>
        	<file href="common/images/button_start.jpg"/>
        	<file href="common/images/scholar_bar_chp.png"/>
        	<file href="common/images/scholar_bar.png"/>
        	<file href="common/images/logo_pdf.jpg"/>
        	<file href="common/images/h2_trigger_open_close.gif"/>
        	<file href="common/images/bookmark.gif"/>
        	<file href="common/images/check.png"/>
        	<file href="common/images/lightbulb.png"/>
        	<file href="common/images/audio_file.gif"/>
        	<file href="common/images/audio_only_slate.gif"/>
        	<file href="common/images/video_file.gif"/>
        	<file href="common/images/back-5.png"/>
        	<file href="common/images/btn_next_resource.png"/>
        	<file href="common/images/btn_previous_resource.png"/>
        	<file href="common/images/close.png"/>
        	<file href="common/images/inacessible.gif"/>
        	<file href="common/images/jquerybubblepopup-theme/grey/ie/bottom-left.gif"/>
        	<file href="common/images/jquerybubblepopup-theme/grey/ie/bottom-middle.gif"/>
        	<file href="common/images/jquerybubblepopup-theme/grey/ie/bottom-right.gif"/>
        	<file href="common/images/jquerybubblepopup-theme/grey/ie/middle-left.gif"/>
        	<file href="common/images/jquerybubblepopup-theme/grey/ie/middle-right.gif"/>
        	<file href="common/images/jquerybubblepopup-theme/grey/ie/tail-bottom.gif"/>
        	<file href="common/images/jquerybubblepopup-theme/grey/ie/tail-left.gif"/>
        	<file href="common/images/jquerybubblepopup-theme/grey/ie/tail-right.gif"/>
        	<file href="common/images/jquerybubblepopup-theme/grey/ie/tail-top.gif"/>
        	<file href="common/images/jquerybubblepopup-theme/grey/ie/top-left.gif"/>
        	<file href="common/images/jquerybubblepopup-theme/grey/ie/top-middle.gif"/>
        	<file href="common/images/jquerybubblepopup-theme/grey/ie/top-right.gif"/>
        	<file href="common/images/jquerybubblepopup-theme/grey/bottom-left.png"/>
        	<file href="common/images/jquerybubblepopup-theme/grey/bottom-middle.png"/>
        	<file href="common/images/jquerybubblepopup-theme/grey/bottom-right.png"/>
        	<file href="common/images/jquerybubblepopup-theme/grey/middle-left.png"/>
        	<file href="common/images/jquerybubblepopup-theme/grey/middle-right.png"/>
        	<file href="common/images/jquerybubblepopup-theme/grey/tail-bottom.png"/>
        	<file href="common/images/jquerybubblepopup-theme/grey/tail-left.png"/>
        	<file href="common/images/jquerybubblepopup-theme/grey/tail-right.png"/>
        	<file href="common/images/jquerybubblepopup-theme/grey/tail-top.png"/>
        	<file href="common/images/jquerybubblepopup-theme/grey/top-left.png"/>
        	<file href="common/images/jquerybubblepopup-theme/grey/top-middle.png"/>
        	<file href="common/images/jquerybubblepopup-theme/grey/top-right.png"/>
        	<file href="common/images/educator/classroom_next.png"/>
        	<file href="common/images/educator/classroom_next_dim.png"/>
        	<file href="common/images/educator/classroom_prev.png"/>
        	<file href="common/images/educator/classroom_prev_dim.png"/>
        	<file href="common/images/educator/edu_b-blank.png"/>
        	<file href="common/images/educator/edu_b-blank-key.png"/>
        	<file href="common/images/educator/edu_b-duedate.png"/>
        	<file href="common/images/educator/edu_b-duedate-key.png"/>
        	<file href="common/images/educator/edu_b-exam.png"/>
        	<file href="common/images/educator/edu_b-exam-key.png"/>
        	<file href="common/images/educator/edu_b-lab.png"/>
        	<file href="common/images/educator/edu_b-lab-key.png"/>
        	<file href="common/images/educator/edu_b-lab-team.png"/>
        	<file href="common/images/educator/edu_b-lab-duedate.png"/>
        	<file href="common/images/educator/edu_b-leclab.png"/>
        	<file href="common/images/educator/edu_b-leclab-key.png"/>
        	<file href="common/images/educator/edu_b-lecture.png"/>
        	<file href="common/images/educator/edu_b-lecture-duedate.png"/>
        	<file href="common/images/educator/edu_b-lecture-exam.png"/>
        	<file href="common/images/educator/edu_b-lecture-key.png"/>
        	<file href="common/images/educator/edu_b-lecture-lunch.png"/>
        	<file href="common/images/educator/edu_b-lecture-preslab.png"/>
        	<file href="common/images/educator/edu_b-lecture-quiz.png"/>
        	<file href="common/images/educator/edu_b-lecture-team.png"/>
        	<file href="common/images/educator/edu_b-lecrec-key.png"/>
        	<file href="common/images/educator/edu_b-leclab-duedate.png"/>
        	<file href="common/images/educator/edu_b-lecrec.png"/>
        	<file href="common/images/educator/edu_b-lecrec-duedate.png"/>
        	<file href="common/images/educator/edu_b-noclass-quiz.png"/>
        	<file href="common/images/educator/edu_b-lunch.png"/>
        	<file href="common/images/educator/edu_b-lunch-key.png"/>
        	<file href="common/images/educator/edu_b-noclass.png"/>
        	<file href="common/images/educator/edu_b-noclass-duedate.png"/>
        	<file href="common/images/educator/edu_b-noclass-exam.png"/>
        	<file href="common/images/educator/edu_b-noclass-key.png"/>
        	<file href="common/images/educator/edu_b-office.png"/>
        	<file href="common/images/educator/edu_b-office-key.png"/>
        	<file href="common/images/educator/edu_b-present.png"/>
        	<file href="common/images/educator/edu_b-present-duedate.png"/>
        	<file href="common/images/educator/edu_b-present-key.png"/>
        	<file href="common/images/educator/edu_b-preslab.png"/>
        	<file href="common/images/educator/edu_b-preslab-key.png"/>
        	<file href="common/images/educator/edu_b-quiz-key.png"/>
        	<file href="common/images/educator/edu_b-reclab-key.png"/>
        	<file href="common/images/educator/edu_b-reclab-concert.png"/>
        	<file href="common/images/educator/edu_b-reclab.png"/>
        	<file href="common/images/educator/edu_b-noclass-concert.png"/>
        	<file href="common/images/educator/edu_b-leclab-concert.png"/>
        	<file href="common/images/educator/edu_b-concert-key.png"/>
        	<file href="common/images/educator/edu_b-concert.png"/>
        	<file href="common/images/educator/edu_b-recitation.png"/>
        	<file href="common/images/educator/edu_b-recitation-duedate.png"/>
        	<file href="common/images/educator/edu_b-recitation-exam.png"/>
        	<file href="common/images/educator/edu_b-recitation-key.png"/>
        	<file href="common/images/educator/edu_b-team.png"/>
        	<file href="common/images/educator/edu_b-team-key.png"/>
        	<file href="common/images/educator/edu_b-team-preslab.png"/>
        	<file href="common/images/educator/edu_b-work.png"/>
        	<file href="common/images/educator/edu_b-work-key.png"/>
        	<file href="common/images/educator/icon-question-cih.png"/>
        	<file href="common/images/educator/icon-question-cihw.png"/>
        	<file href="common/images/educator/icon-question-cim.png"/>
        	<file href="common/images/educator/icon-question-collab.png"/>
        	<file href="common/images/educator/icon-question-coop.png"/>
        	<file href="common/images/educator/icon-question-fas.png"/>
        	<file href="common/images/educator/icon-question-gir.png"/>
        	<file href="common/images/educator/icon-question-hass.png"/>
        	<file href="common/images/educator/icon-question-hass-s.png"/>
        	<file href="common/images/educator/icon-question-iap.png"/>
        	<file href="common/images/educator/icon-question-lab.png"/>
        	<file href="common/images/educator/icon-question-urop.png"/>
        	<file href="common/images/educator/icon-question-active.png"/>
        	<file href="common/images/educator/icon-question-clickq.png"/>
        	<file href="common/images/educator/icon-question-conq.png"/>
        	<file href="common/images/educator/icon-question-flip.png"/>
        	<file href="common/images/educator/icon-question-form.png"/>
        	<file href="common/images/educator/icon-question-immed.png"/>
        	<file href="common/images/educator/icon-question-learn.png"/>
        	<file href="common/images/educator/icon-question-ped.png"/>
        	<file href="common/images/educator/icon-question-readq.png"/>
        	<file href="common/images/educator/icon-question-service.png"/>
        	<file href="common/images/educator/icon-question-sum.png"/>
        	<file href="common/images/educator/icon-question-unrestricted-elective-credits.png"/>
        	<file href="common/webfonts/TitilliumText22L002-webfont.woff"/>
        	<file href="common/webfonts/TitilliumText22L002-webfont.ttf"/>
        	<file href="common/webfonts/TitilliumText22L002-webfont.svg"/>
        	<file href="common/webfonts/TitilliumText22L002-webfont.eot"/>
        	<file href="common/webfonts/TitilliumText22L003-webfont.woff"/>
        	<file href="common/webfonts/TitilliumText22L003-webfont.ttf"/>
        	<file href="common/webfonts/TitilliumText22L003-webfont.eot"/>
        	<file href="common/webfonts/TitilliumText22L003-webfont.svg"/>
        	<file href="common/webfonts/TitilliumText22L005-webfont.woff"/>
        	<file href="common/webfonts/TitilliumText22L005-webfont.ttf"/>
        	<file href="common/webfonts/TitilliumText22L005-webfont.svg"/>
        	<file href="common/webfonts/TitilliumText22L005-webfont.eot"/>
        </resource>        
  </resources>
</manifest>
